id;employee_name;address;phone_number;home_number;email_address;transport_type;job_title;supervisor_name;company_id
1;salmon Locks;tan monitor;68523;53246;Realigned Planner dynamic;programming Rustic Steel;Product Solutions Designer;Berkshire firewall Fresh;43544
2;Shoes payment;SSL generate Norway;55830;53588;supply-chains Accounts York;streamline;Dynamic Integration Representative;deposit;46256
3;networks Multi-lateral;Lead application technologies;98051;1877;Buckinghamshire payment;rich Fantastic;Regional Implementation Specialist;Electronics;53162
4;indexing;Clothing;7834;67815;Decentralized Optimization;connecting;Internal Usability Manager;Developer Mexico;11578
5;programming;intuitive Interactions engage;55018;56326;Developer Bacon Clothing;calculating synthesize bypass;Dynamic Web Executive;digital;93782
6;Branding;Music SQL;61480;96069;24/7 Berkshire;Electronics Djibouti Human;Future Solutions Designer;innovative Generic Account;45942
7;Pennsylvania;transparent Buckinghamshire program;49444;34771;Facilitator Berkshire;Plastic;Chief Integration Representative;New service-desk hack;81554
8;Account;withdrawal driver;74110;68583;SMS didactic;primary Forward;Internal Infrastructure Developer;Fish rich;98569
9;Computer monitor;paradigms Plastic;50396;13316;intangible;Gorgeous HTTP;Investor Assurance Producer;Rustic Bike;86258
10;Account Soap Plastic;Account Books front-end;70968;49617;panel;payment;Legacy Infrastructure Strategist;Bedfordshire navigate;56042
